{"cameraMode":{"drawMode":0,"name":"Shaded","section":"Shading Mode"},"sceneLighting":true,"audioPlay":false,"sceneViewState":{"m_AlwaysRefresh":false,"showFog":true,"showSkybox":true,"showFlares":true,"showImageEffects":true,"showParticleSystems":true,"showVisualEffectGraphs":true,"m_FxEnabled":true},"in2DMode":false,"pivot":{"x":-1.6974142789840699,"y":1.8005483150482178,"z":30.477025985717775},"rotation":{"x":0.10764428228139878,"y":0.8526941537857056,"z":-0.1941014975309372,"w":0.4729765057563782},"size":5.500879287719727,"orthographic":false}